[
  {
    "title": "Освітній хаб",
    "date": "2025-07-02",
    "dayName": "Ср",
    "day": "02",
    "monty": "Липня",
    "time": "10:00 - 13:00",
    "link": "https://example.com/july1"
  },
  {
    "title": "Конференція з енергетики",
    "date": "2025-07-13",
    "dayName": "Нд",
    "day": "13",
    "monty": "Липня",
    "time": "15:00 - 17:00",
    "link": "https://example.com/july2"
  },
  {
    "title": "Літній бізнес-інтенсив",
    "date": "2025-07-24",
    "dayName": "Ср",
    "day": "24",
    "monty": "Липня",
    "time": "9:00 - 11:00",
    "link": "https://example.com/july3"
  },
  {
    "title": "Серпневий стартап-форум",
    "date": "2025-08-05",
    "dayName": "Пн",
    "day": "05",
    "monty": "Серпня",
    "time": "11:00 - 14:00",
    "link": "https://example.com/august1"
  },
  {
    "title": "Технологічний день",
    "date": "2025-08-17",
    "dayName": "Сб",
    "day": "17",
    "monty": "Серпня",
    "time": "13:00 - 15:30",
    "link": "https://example.com/august2"
  },
  {
    "title": "Коворкінг-сесія",
    "date": "2025-08-28",
    "dayName": "Ср",
    "day": "28",
    "monty": "Серпня",
    "time": "09:30 - 12:00",
    "link": "https://example.com/august3"
  },
  {
    "title": "Партнерська зустріч",
    "date": "2025-09-03",
    "dayName": "Вт",
    "day": "03",
    "monty": "Вересня",
    "time": "10:00 - 12:00",
    "link": "https://example.com/september1"
  },
  {
    "title": "День відкритих дверей",
    "date": "2025-09-15",
    "dayName": "Нд",
    "day": "15",
    "monty": "Вересня",
    "time": "14:00 - 17:00",
    "link": "https://example.com/september2"
  },
  {
    "title": "HR-семінар",
    "date": "2025-09-27",
    "dayName": "Пт",
    "day": "27",
    "monty": "Вересня",
    "time": "11:30 - 13:00",
    "link": "https://example.com/september3"
  }
]
